PLAYERID,NAME,CLUB,GRADE,POS,G,IP,E,FPCT,CS
1,강경학,한화,C,4,5,14,0,1,0
1,강경학,한화,C,6,38,252.333,7,0.944,0
1,강경학,한화,C,D,0,0,0,0,0
2,강구성,NC,C,7,1,1,0,1,0
2,강구성,NC,C,D,0,0,0,0,0
3,강동관,롯데,C,2,2,3.667,0,1,0
3,강동관,롯데,C,D,0,0,0,0,0
4,강동연,두산,C,1,11,7.667,0,1,0
4,강동연,두산,C,D,0,0,0,0,0
5,강민국,NC,C,4,1,1,0,0,0
5,강민국,NC,C,5,4,8,0,1,0
5,강민국,NC,C,6,19,58.333,4,0.875,0
5,강민국,NC,C,D,0,0,0,0,0
6,강민호,롯데,A,2,95,763.333,4,0.994,34.4
6,강민호,롯데,A,D,0,0,0,0,0
7,강승현,롯데,C,1,6,8.333,0,1,0
7,강승현,롯데,C,D,0,0,0,0,0
8,강승호,LG,C,6,17,94,5,0.915,0
8,강승호,LG,C,D,0,0,0,0,0
9,강영식,롯데,C,1,24,11.667,1,0,0
9,강영식,롯데,C,D,0,0,0,0,0
10,강윤구,넥센,C,1,1,1,0,0,0
10,강윤구,넥센,C,D,0,0,0,0,0
11,강장산,NC,C,1,3,2.333,0,1,0
11,강장산,NC,C,D,0,0,0,0,0
12,강지광,넥센,C,9,18,45,0,1,0
12,강지광,넥센,C,7,16,70,0,1,0
12,강지광,넥센,B,8,11,56.333,1,0.958,0
12,강지광,넥센,C,D,0,0,0,0,0
13,강한울,KIA,C,4,24,46.667,0,1,0
13,강한울,KIA,C,5,2,4,0,0,0
13,강한울,KIA,B,6,97,688.667,11,0.972,0
13,강한울,KIA,C,D,0,0,0,0,0
14,고메즈,SK,C,6,112,933,25,0.955,0
14,고메즈,SK,C,D,0,0,0,0,0
15,고봉재,두산,C,1,25,23.333,0,1,0
15,고봉재,두산,C,D,0,0,0,0,0
16,고영민,두산,C,3,2,2,0,1,0
16,고영민,두산,C,4,2,5,0,1,0
16,고영민,두산,C,D,0,0,0,0,0
17,고영우,KIA,C,3,8,11,0,1,0
17,고영우,KIA,C,4,14,20.333,0,1,0
17,고영우,KIA,C,5,10,14,0,1,0
17,고영우,KIA,C,9,8,17,0,1,0
17,고영우,KIA,C,6,27,149.667,4,0.947,0
17,고영우,KIA,C,7,9,14.667,0,1,0
17,고영우,KIA,C,8,1,1,0,0,0
17,고영우,KIA,C,D,0,0,0,0,0
18,고영표,kt,C,1,53,56.333,0,1,0
18,고영표,kt,C,D,0,0,0,0,0
19,고원준,두산,C,1,14,24.667,0,1,0
19,고원준,두산,C,D,0,0,0,0,0
20,고종욱,넥센,A,7,107,804,1,0.994,0
20,고종욱,넥센,B,8,19,101,0,1,0
20,고종욱,넥센,A,D,0,0,0,0,0
21,고효준,KIA,C,1,24,46,3,0.7,0
21,고효준,KIA,C,D,0,0,0,0,0
22,곽정철,KIA,C,1,27,27.333,0,1,0
22,곽정철,KIA,C,D,0,0,0,0,0
23,구자욱,삼성,A,3,105,904,7,0.992,0
23,구자욱,삼성,C,5,6,9.333,0,0,0
23,구자욱,삼성,A,D,0,0,0,0,0
24,구창모,NC,B,1,39,68.667,1,0.9,0
24,구창모,NC,B,D,0,0,0,0,0
25,국해성,두산,C,3,2,4,0,1,0
25,국해성,두산,A,9,29,174,1,0.98,0
25,국해성,두산,C,7,2,6,0,1,0
25,국해성,두산,C,D,0,0,0,0,0
26,권오준,삼성,C,1,41,46.333,1,0.889,0
26,권오준,삼성,C,D,0,0,0,0,0
27,권용관,한화,C,3,6,6,0,1,0
27,권용관,한화,C,4,8,21.667,0,1,0
27,권용관,한화,A,6,18,83.333,1,0.973,0
27,권용관,한화,C,D,0,0,0,0,0
28,권정웅,삼성,C,2,3,4,0,1,0
28,권정웅,삼성,C,D,0,0,0,0,0
29,권혁,한화,C,1,66,95.333,3,0.864,0
29,권혁,한화,C,D,0,0,0,0,0
30,권희동,NC,C,9,5,28,0,1,0
30,권희동,NC,C,7,9,43,0,1,0
30,권희동,NC,C,8,6,25,0,1,0
30,권희동,NC,C,D,0,0,0,0,0
31,금민철,넥센,C,1,14,26.333,0,1,0
31,금민철,넥센,C,D,0,0,0,0,0
32,김강률,두산,C,1,25,28,0,1,0
32,김강률,두산,C,D,0,0,0,0,0
33,김강민,SK,A,8,114,875.667,2,0.99,0
33,김강민,SK,A,D,0,0,0,0,0
34,김건한,삼성,C,1,3,9.667,1,0,0
34,김건한,삼성,C,D,0,0,0,0,0
35,김경언,한화,C,3,2,3.667,0,1,0
35,김경언,한화,A,9,58,384,1,0.988,0
35,김경언,한화,C,8,1,1,0,0,0
35,김경언,한화,C,D,0,0,0,0,0
36,김경태,한화,C,1,10,11.667,0,1,0
36,김경태,한화,C,D,0,0,0,0,0
37,김광수,KIA,C,1,54,52.333,0,1,0
37,김광수,KIA,C,D,0,0,0,0,0
38,김광현,SK,B,1,27,137,2,0.951,0
38,김광현,SK,B,D,0,0,0,0,0
39,김기태,삼성,C,1,17,75,0,1,0
39,김기태,삼성,C,D,0,0,0,0,0
40,김기현,SK,C,3,5,14,0,1,0
40,김기현,SK,C,9,2,4,0,0,0
40,김기현,SK,C,7,1,3,0,0,0
40,김기현,SK,C,D,0,0,0,0,0
41,김다원,KIA,C,9,12,55,0,1,0
41,김다원,KIA,C,7,6,16.667,0,1,0
41,김다원,KIA,C,8,1,1,0,0,0
41,김다원,KIA,C,D,0,0,0,0,0
42,김대륙,롯데,C,3,2,2,1,0.75,0
42,김대륙,롯데,C,4,20,36.667,3,0.906,0
42,김대륙,롯데,C,5,6,9,0,1,0
42,김대륙,롯데,A,6,32,132.333,1,0.987,0
42,김대륙,롯데,C,D,0,0,0,0,0
43,김대우,롯데,C,3,1,3,0,1,0
43,김대우,롯데,C,D,0,0,0,0,0
44,김대우,삼성,C,1,67,66,0,1,0
44,김대우,삼성,C,D,0,0,0,0,0
45,김대현,LG,C,1,1,1.667,0,0,0
45,김대현,LG,C,D,0,0,0,0,0
46,김동명,kt,C,3,3,17,1,0.938,0
46,김동명,kt,C,7,1,2,0,0,0
46,김동명,kt,C,D,0,0,0,0,0
47,김동엽,SK,C,3,3,4,0,1,0
47,김동엽,SK,C,9,4,10.667,0,1,0
47,김동엽,SK,C,7,11,41,0,1,0
47,김동엽,SK,C,D,0,0,0,0,0
48,김동한,롯데,A,4,58,261,2,0.987,0
48,김동한,롯데,C,5,5,13,0,1,0
48,김동한,롯데,C,9,2,2.667,0,0,0
48,김동한,롯데,C,7,1,0.333,0,0,0
48,김동한,롯데,C,8,1,1,0,0,0
48,김동한,롯데,A,D,0,0,0,0,0
49,김동호,삼성,C,1,33,33,0,1,0
49,김동호,삼성,C,D,0,0,0,0,0
50,김명찬,KIA,C,1,11,13,0,1,0
50,김명찬,KIA,C,D,0,0,0,0,0
51,김문호,롯데,C,9,2,2.333,0,0,0
51,김문호,롯데,A,7,125,1005,5,0.976,0
51,김문호,롯데,C,8,10,32.667,0,1,0
51,김문호,롯데,C,D,0,0,0,0,0
52,김민성,넥센,C,4,2,9,0,1,0
52,김민성,넥센,A,5,128,1060,7,0.981,0
52,김민성,넥센,C,D,0,0,0,0,0
53,김민수,kt,C,1,7,8,0,1,0
53,김민수,kt,C,D,0,0,0,0,0
54,김민식,SK,C,3,1,3,0,1,0
54,김민식,SK,B,2,75,359,7,0.976,36.6
54,김민식,SK,C,D,0,0,0,0,0
55,김민우,KIA,C,3,1,5,0,1,0
55,김민우,KIA,B,4,18,108,0,1,0
55,김민우,KIA,C,6,1,1,0,0,0
55,김민우,KIA,C,D,0,0,0,0,0
56,김민우,한화,C,1,5,9.667,1,0.5,0
56,김민우,한화,C,D,0,0,0,0,0
57,김민준,넥센,C,9,11,39,0,1,0
57,김민준,넥센,C,7,1,2,0,0,0
57,김민준,넥센,C,8,4,9,0,1,0
57,김민준,넥센,C,D,0,0,0,0,0
58,김민하,롯데,C,3,1,1,0,1,0
58,김민하,롯데,C,4,1,1,0,0,0
58,김민하,롯데,C,9,12,26,0,1,0
58,김민하,롯데,C,7,4,5,0,1,0
58,김민하,롯데,A,8,23,91,1,0.957,0
58,김민하,롯데,C,D,0,0,0,0,0
59,김민혁,kt,C,7,9,20.333,0,1,0
59,김민혁,kt,C,D,0,0,0,0,0
60,김범수,한화,C,1,5,5.667,0,0,0
60,김범수,한화,C,D,0,0,0,0,0
61,김사연,kt,C,3,3,14,0,1,0
61,김사연,kt,B,9,14,89,0,1,0
61,김사연,kt,C,8,3,26,0,1,0
61,김사연,kt,C,D,0,0,0,0,0
62,김사율,kt,C,1,25,30.333,0,1,0
62,김사율,kt,C,D,0,0,0,0,0
63,김사훈,롯데,B,2,19,100,0,1,33.3
63,김사훈,롯데,B,D,0,0,0,0,0
65,김상수,삼성,B,6,105,867.333,15,0.967,0
65,김상수,넥센,C,1,67,74,0,1,0
65,김상수,삼성,B,D,0,0,0,0,0
66,김상현,kt,C,3,56,435.667,9,0.981,0
66,김상현,kt,C,D,0,0,0,0,0
67,김상호,롯데,A,3,93,738,5,0.993,0
67,김상호,롯데,C,4,1,0.333,0,0,0
67,김상호,롯데,C,5,5,7.667,1,0.75,0
67,김상호,롯데,A,D,0,0,0,0,0
68,김선규,NC,C,1,17,15.333,0,1,0
68,김선규,NC,C,D,0,0,0,0,0
69,김선민,kt,B,4,14,66.667,1,0.975,0
69,김선민,kt,C,5,12,37.667,0,1,0
69,김선민,kt,B,D,0,0,0,0,0
70,김선빈,KIA,B,6,6,50,1,0.96,0
70,김선빈,KIA,B,D,0,0,0,0,0
71,김성배,두산,C,1,39,37.333,0,1,0
71,김성배,두산,C,D,0,0,0,0,0
72,김성욱,NC,C,9,14,25,0,1,0
72,김성욱,NC,A,7,80,357.333,0,1,0
72,김성욱,NC,A,8,53,332.667,1,0.989,0
72,김성욱,NC,C,D,0,0,0,0,0
73,김성재,롯데,C,1,6,3.667,0,0,0
73,김성재,롯데,C,D,0,0,0,0,0
74,김성현,SK,A,4,111,886,9,0.984,0
74,김성현,SK,C,6,27,199.667,7,0.934,0
74,김성현,SK,A,D,0,0,0,0,0
75,김세현,넥센,C,1,62,62.333,0,1,0
75,김세현,넥센,C,D,0,0,0,0,0
76,김승현,삼성,C,1,2,2,0,1,0
76,김승현,삼성,C,D,0,0,0,0,0
77,김승회,SK,C,1,23,24.333,0,1,0
77,김승회,SK,C,D,0,0,0,0,0
78,김연훈,kt,A,3,43,174,2,0.989,0
78,김연훈,kt,C,4,31,120.333,3,0.955,0
78,김연훈,kt,C,5,36,143.333,3,0.936,0
78,김연훈,kt,C,6,8,33.667,0,1,0
78,김연훈,kt,A,D,0,0,0,0,0
79,김영환,kt,C,4,4,15,0,1,0
79,김영환,kt,C,D,0,0,0,0,0
80,김용의,LG,A,3,39,188.667,0,1,0
80,김용의,LG,C,9,14,74,0,1,0
80,김용의,LG,C,7,2,2,0,0,0
80,김용의,LG,A,8,59,364.667,0,1,0
80,김용의,LG,A,D,0,0,0,0,0
81,김용주,한화,C,1,17,15.667,0,1,0
81,김용주,한화,C,D,0,0,0,0,0
82,김웅빈,넥센,C,4,7,27,0,1,0
82,김웅빈,넥센,C,5,1,4,2,0.6,0
82,김웅빈,넥센,C,D,0,0,0,0,0
83,김원석,한화,C,9,7,16.667,0,1,0
83,김원석,한화,C,7,3,6.667,0,1,0
83,김원석,한화,C,D,0,0,0,0,0
84,김원섭,KIA,C,3,1,1,0,1,0
84,김원섭,KIA,C,9,13,66.667,0,1,0
84,김원섭,KIA,B,7,14,59,1,0.933,0
84,김원섭,KIA,C,8,5,33.333,0,1,0
84,김원섭,KIA,C,D,0,0,0,0,0
85,김원중,롯데,C,1,3,7.667,0,1,0
85,김원중,롯데,C,D,0,0,0,0,0
86,김유영,롯데,C,1,46,34.333,0,1,0
86,김유영,롯데,C,D,0,0,0,0,0
87,김윤동,KIA,C,1,31,53,0,1,0
87,김윤동,KIA,C,D,0,0,0,0,0
88,김윤환,넥센,C,1,1,1,0,0,0
88,김윤환,넥센,C,D,0,0,0,0,0
89,김인태,두산,C,9,4,9,0,1,0
89,김인태,두산,C,7,6,19,0,1,0
89,김인태,두산,C,D,0,0,0,0,0
90,김재영,한화,C,1,11,11.333,1,0.667,0
90,김재영,한화,C,D,0,0,0,0,0
91,김재유,롯데,C,9,3,12,0,1,0
91,김재유,롯데,C,7,2,5,0,1,0
91,김재유,롯데,C,8,7,37,0,1,0
91,김재유,롯데,C,D,0,0,0,0,0
92,김재윤,kt,C,1,52,54.333,2,0.5,0
92,김재현,SK,C,9,22,69,0,1,0
92,김재현,SK,A,7,44,179,0,1,0
92,김재현,SK,A,8,38,182,1,0.984,0
92,김재현,넥센,A,2,55,224.667,1,0.994,22.2
92,김재윤,kt,C,D,0,0,0,0,0
93,김재현,삼성,C,4,21,69,0,1,0
93,김재현,삼성,C,5,36,123.667,5,0.865,0
93,김재현,삼성,A,6,67,379.667,4,0.98,0
93,김재현,삼성,C,D,0,0,0,0,0
96,김재호,두산,A,6,137,1065,10,0.984,0
96,김재호,두산,A,D,0,0,0,0,0
97,김재환,두산,C,3,3,20.333,0,1,0
97,김재환,두산,A,7,110,865.333,5,0.975,0
97,김재환,두산,C,D,0,0,0,0,0
98,김정인,넥센,C,1,2,2,0,0,0
98,김정인,넥센,C,D,0,0,0,0,0
99,김정혁,삼성,C,3,15,48,2,0.952,0
99,김정혁,삼성,A,5,35,212,0,1,0
99,김정혁,삼성,C,D,0,0,0,0,0
100,김정훈,넥센,C,1,34,63.333,0,1,0
100,김정훈,넥센,C,D,0,0,0,0,0
101,김종민,kt,A,2,77,523.333,6,0.986,20.3
101,김종민,kt,A,D,0,0,0,0,0
102,김종호,NC,C,9,1,1,0,0,0
102,김종호,NC,A,7,40,205,1,0.974,0
102,김종호,NC,C,D,0,0,0,0,0
103,김주찬,KIA,C,3,3,19.333,0,1,0
103,김주찬,KIA,A,7,112,879.667,3,0.986,0
103,김주찬,KIA,C,D,0,0,0,0,0
104,김주한,SK,C,1,39,59.333,0,1,0
104,김주한,SK,C,D,0,0,0,0,0
106,김주현,한화,C,3,2,2,0,1,0
106,김주현,롯데,C,5,1,1,0,0,0
106,김주현,롯데,C,9,2,8,0,1,0
106,김주현,롯데,C,7,9,37.667,0,1,0
106,김주현,한화,C,D,0,0,0,0,0
107,김주형,KIA,A,3,39,178,0,1,0
107,김주형,KIA,C,4,18,93.333,2,0.958,0
107,김주형,KIA,A,5,51,194.667,2,0.96,0
107,김주형,KIA,C,9,15,39.667,0,1,0
107,김주형,KIA,C,6,29,197,7,0.938,0
107,김주형,KIA,C,7,2,3.667,0,0,0
107,김주형,KIA,A,D,0,0,0,0,0
108,김준완,NC,C,9,6,25,0,1,0
108,김준완,NC,A,7,39,235.667,1,0.977,0
108,김준완,NC,A,8,88,399,0,1,0
108,김준완,NC,C,D,0,0,0,0,0
109,김준태,롯데,A,2,58,316.667,0,1,45.5
109,김준태,롯데,A,D,0,0,0,0,0
110,김지성,LG,C,4,1,1,0,0,0
110,김지성,LG,C,5,1,2,0,0,0
110,김지성,LG,C,6,1,6,0,1,0
110,김지성,LG,C,D,0,0,0,0,0
111,김지수,넥센,C,3,3,10,0,1,0
111,김지수,넥센,B,4,31,92,0,1,0
111,김지수,넥센,C,5,30,73.333,0,1,0
111,김지수,넥센,C,6,20,77.333,0,1,0
111,김지수,넥센,C,D,0,0,0,0,0
112,김지수,롯데,C,9,1,1,0,1,0
112,김지수,롯데,C,7,1,1,0,0,0
112,김지수,롯데,C,8,3,18,0,1,0
112,김지수,롯데,C,D,0,0,0,0,0
113,김지용,LG,C,1,51,63,0,1,0
113,김지용,LG,C,D,0,0,0,0,0
114,김진곤,kt,C,9,2,2,0,0,0
114,김진곤,kt,C,8,8,12,1,0.667,0
114,김진곤,kt,C,D,0,0,0,0,0
115,김진성,NC,C,1,69,84.333,2,0.875,0
115,김진성,NC,C,D,0,0,0,0,0
116,김진우,KIA,C,1,11,15,0,1,0
116,김진우,KIA,C,D,0,0,0,0,0
117,김태군,NC,A,2,134,935.667,0,1,35.2
117,김태군,NC,A,D,0,0,0,0,0
118,김태균,한화,A,3,56,471.667,4,0.991,0
118,김태완,삼성,C,4,10,28.333,0,1,0
118,김태완,삼성,C,5,11,22.333,0,1,0
118,김태균,한화,A,D,0,0,0,0,0
119,김태완,한화,C,3,7,12,0,1,0
119,김태완,한화,C,D,0,0,0,0,0
121,김태진,NC,C,5,1,3,0,0,0
121,김태진,NC,C,D,0,0,0,0,0
122,김태훈,SK,C,1,15,14.667,0,1,0
122,김태훈,SK,C,D,0,0,0,0,0
123,김택형,넥센,C,1,32,28.333,2,0.75,0
123,김택형,넥센,C,D,0,0,0,0,0
124,김하성,넥센,B,6,143,1203,21,0.964,0
124,김하성,넥센,B,D,0,0,0,0,0
125,김학성,NC,C,1,4,4.333,0,0,0
125,김학성,NC,C,D,0,0,0,0,0
126,김현우,삼성,C,1,17,20.667,0,1,0
126,김현우,삼성,C,D,0,0,0,0,0
127,김호령,KIA,A,8,122,1009.667,3,0.991,0
127,김호령,KIA,A,D,0,0,0,0,0
128,김회성,한화,C,3,10,56,0,1,0
128,김회성,한화,C,5,8,46.333,1,0.955,0
128,김회성,한화,C,D,0,0,0,0,0
129,나경민,롯데,C,9,2,3,0,1,0
129,나경민,롯데,A,7,12,89,1,0.962,0
129,나경민,롯데,C,8,8,24.667,0,1,0
129,나경민,롯데,C,D,0,0,0,0,0
130,나성범,NC,A,9,142,1206.333,8,0.969,0
130,나성범,NC,A,D,0,0,0,0,0
131,나성용,삼성,C,3,2,6,0,1,0
131,나성용,삼성,C,D,0,0,0,0,0
132,나주환,SK,C,3,8,58,0,1,0
132,나주환,SK,C,4,9,46,1,0.944,0
132,나주환,SK,C,5,1,2.333,0,0,0
132,나주환,SK,C,6,3,10,1,0.8,0
132,나주환,SK,C,D,0,0,0,0,0
133,나지완,KIA,C,9,1,7,0,1,0
133,나지완,KIA,B,7,14,61,1,0.929,0
133,나지완,KIA,C,D,0,0,0,0,0
134,남태혁,kt,C,3,14,100.333,4,0.962,0
134,남태혁,kt,C,D,0,0,0,0,0
135,노경은,롯데,A,1,22,94.667,1,0.962,0
135,노경은,롯데,A,D,0,0,0,0,0
136,노수광,KIA,A,9,46,244,1,0.985,0
136,노수광,KIA,C,7,20,69,0,1,0
136,노수광,KIA,A,8,28,166,0,1,0
136,노수광,KIA,A,D,0,0,0,0,0
137,니퍼트,두산,A,1,28,167.667,0,1,0
137,니퍼트,두산,A,D,0,0,0,0,0
138,대니돈,넥센,A,3,51,356.667,2,0.994,0
138,대니돈,넥센,A,9,50,389,1,0.99,0
138,대니돈,넥센,A,7,16,131,1,0.971,0
138,대니돈,넥센,A,D,0,0,0,0,0
139,도태훈,NC,C,4,1,1,0,1,0
139,도태훈,NC,C,5,5,6.667,0,1,0
139,도태훈,NC,C,6,3,7.667,1,0.875,0
139,도태훈,NC,C,D,0,0,0,0,0
140,라라,SK,C,1,17,48.333,3,0.769,0
140,라라,SK,C,D,0,0,0,0,0
141,레온,삼성,C,1,2,8,0,1,0
141,레온,삼성,C,D,0,0,0,0,0
142,레일리,롯데,B,1,31,184.667,3,0.935,0
142,레일리,롯데,B,D,0,0,0,0,0
143,로사리오,한화,A,3,72,580,6,0.989,0
143,로사리오,한화,C,4,1,1,0,1,0
143,로사리오,한화,C,7,1,0.333,0,0,0
143,로사리오,한화,C,2,2,10,0,1,0
143,로사리오,한화,A,D,0,0,0,0,0
144,로위,kt,C,1,14,60,0,1,0
144,로위,kt,C,D,0,0,0,0,0
145,로저스,한화,C,1,6,37.667,1,0.857,0
145,로저스,한화,C,D,0,0,0,0,0
146,류제국,LG,A,1,29,161.333,1,0.964,0
146,류제국,LG,A,D,0,0,0,0,0
147,류지혁,두산,C,3,20,29.333,1,0.968,0
147,류지혁,두산,B,4,32,131,0,1,0
147,류지혁,두산,C,5,12,29,0,1,0
147,류지혁,두산,A,6,36,155,1,0.989,0
147,류지혁,두산,C,D,0,0,0,0,0
148,류희운,kt,C,1,5,8.333,0,1,0
148,류희운,kt,C,D,0,0,0,0,0
149,린드블럼,롯데,A,1,30,177.333,1,0.971,0
149,린드블럼,롯데,A,D,0,0,0,0,0
150,마르테,kt,A,5,89,718.667,7,0.969,0
150,마르테,kt,A,D,0,0,0,0,0
151,마리몬,kt,C,1,12,62,2,0.882,0
151,마리몬,kt,C,D,0,0,0,0,0
152,마에스트리,한화,C,1,9,28.667,2,0.667,0
152,마에스트리,한화,C,D,0,0,0,0,0
153,마정길,넥센,C,1,61,63.667,0,1,0
153,마정길,넥센,C,D,0,0,0,0,0
154,맥그레거,넥센,B,1,14,90,0,1,0
154,맥그레거,넥센,B,D,0,0,0,0,0
155,맥스웰,롯데,A,8,23,186,1,0.976,0
155,맥스웰,롯데,A,D,0,0,0,0,0
156,모창민,NC,C,3,3,17,0,1,0
156,모창민,NC,C,4,2,3,0,1,0
156,모창민,NC,B,5,37,201.667,3,0.949,0
156,모창민,NC,C,D,0,0,0,0,0
157,문광은,SK,C,1,17,17,0,1,0
157,문광은,SK,C,D,0,0,0,0,0
158,문규현,롯데,C,4,13,54.667,0,1,0
158,문규현,롯데,A,6,109,781.667,7,0.984,0
158,문규현,롯데,C,D,0,0,0,0,0
159,문상철,kt,C,3,22,82,4,0.956,0
159,문상철,kt,C,4,3,16.667,1,0.917,0
159,문상철,kt,A,5,23,115,1,0.971,0
159,문상철,kt,C,D,0,0,0,0,0
160,문선재,LG,C,4,1,1,0,1,0
160,문선재,LG,B,7,26,98.667,0,1,0
160,문선재,LG,A,8,26,149.333,0,1,0
160,문선재,LG,C,D,0,0,0,0,0
161,문승원,SK,B,1,20,63.667,1,0.941,0
161,문승원,SK,B,D,0,0,0,0,0
162,민병헌,두산,A,9,90,549.667,0,1,0
162,민병헌,두산,A,8,69,476.667,0,1,0
162,민병헌,두산,A,D,0,0,0,0,0
163,민성기,NC,C,1,25,28.333,0,1,0
163,민성기,NC,C,D,0,0,0,0,0
164,박건우,두산,A,9,75,514.667,1,0.991,0
164,박건우,두산,A,7,55,291.667,2,0.97,0
164,박건우,두산,A,8,24,157.333,0,1,0
164,박건우,두산,A,D,0,0,0,0,0
165,박경수,kt,B,4,109,888,13,0.977,0
165,박경수,kt,B,D,0,0,0,0,0
166,박계범,삼성,C,4,1,1.667,0,1,0
166,박계범,삼성,C,5,3,3.333,0,1,0
166,박계범,삼성,C,6,2,4,0,0,0
166,박계범,삼성,C,D,0,0,0,0,0
167,박광열,NC,C,2,12,37,2,0.935,100
167,박광열,NC,C,D,0,0,0,0,0
168,박근홍,삼성,C,1,60,41,0,1,0
168,박근홍,삼성,C,D,0,0,0,0,0
169,박기혁,kt,C,4,18,59.667,2,0.956,0
169,박기혁,kt,B,6,105,726,11,0.973,0
169,박기혁,kt,C,D,0,0,0,0,0
170,박노민,한화,C,9,1,1,0,0,0
170,박노민,한화,C,2,1,0.667,0,0,0
170,박노민,한화,C,D,0,0,0,0,0
171,박동원,넥센,A,2,126,991.333,7,0.992,40.6
171,박동원,넥센,A,D,0,0,0,0,0
172,박민규,삼성,C,1,6,6.333,0,1,0
172,박민규,삼성,C,D,0,0,0,0,0
173,박민석,NC,C,1,21,21.667,0,1,0
173,박민석,NC,C,D,0,0,0,0,0
174,박민우,NC,B,4,116,897.333,14,0.973,0
174,박민우,NC,B,D,0,0,0,0,0
175,박민호,SK,C,1,32,36.667,0,1,0
175,박민호,SK,C,D,0,0,0,0,0
176,박상혁,NC,C,1,2,2.333,0,0,0
176,박상혁,NC,C,D,0,0,0,0,0
177,박석민,NC,B,5,114,891,15,0.932,0
177,박석민,NC,B,D,0,0,0,0,0
178,박성민,두산,C,1,4,3.333,0,1,0
178,박성민,두산,C,D,0,0,0,0,0
179,박성준,LG,C,4,1,4,0,1,0
179,박성준,LG,C,D,0,0,0,0,0
181,박세웅,롯데,A,1,27,139,1,0.957,0
181,박세웅,NC,C,2,1,3,0,1,0
181,박세웅,롯데,A,D,0,0,0,0,0
182,박세진,kt,C,1,7,21,0,1,0
182,박세진,kt,C,D,0,0,0,0,0
183,박세혁,두산,C,3,1,1,0,1,0
183,박세혁,두산,A,2,80,469.333,2,0.995,36.8
183,박세혁,두산,C,D,0,0,0,0,0
184,박승욱,SK,C,3,4,20,0,1,0
184,박승욱,SK,C,4,6,20,0,1,0
184,박승욱,SK,C,5,4,26,0,1,0
184,박승욱,SK,B,6,20,112.667,2,0.97,0
184,박승욱,SK,C,D,0,0,0,0,0
185,박시영,롯데,C,1,42,61.667,0,1,0
185,박시영,롯데,C,D,0,0,0,0,0
186,박용근,kt,B,4,14,71.333,1,0.978,0
186,박용근,kt,B,5,17,109.333,0,1,0
186,박용근,kt,B,D,0,0,0,0,0
187,박용택,LG,A,7,27,180,0,1,0
187,박용택,LG,A,D,0,0,0,0,0
188,박윤,넥센,C,3,6,26,0,1,0
188,박윤,넥센,C,D,0,0,0,0,0
189,박재상,SK,A,9,34,203.333,0,1,0
189,박재상,SK,A,7,52,291,2,0.969,0
189,박재상,SK,B,8,11,68.333,1,0.929,0
189,박재상,SK,A,D,0,0,0,0,0
190,박재욱,LG,B,2,26,130.667,2,0.979,31.3
190,박재욱,LG,B,D,0,0,0,0,0
191,박정권,SK,A,3,118,918,6,0.994,0
191,박정권,SK,C,9,4,13.333,0,1,0
191,박정권,SK,A,D,0,0,0,0,0
192,박정배,SK,C,1,49,51.667,2,0.867,0
192,박정배,SK,C,D,0,0,0,0,0
193,박정음,넥센,A,9,45,174,1,0.976,0
193,박정음,넥센,B,7,24,72.333,1,0.952,0
193,박정음,넥센,A,8,49,315,1,0.989,0
193,박정음,넥센,A,D,0,0,0,0,0
194,박정준,넥센,C,1,7,4.667,0,1,0
194,박정준,넥센,C,D,0,0,0,0,0
195,박정진,한화,A,1,77,84,1,0.933,0
195,박종윤,넥센,C,1,1,2,0,0,0
195,박정진,한화,A,D,0,0,0,0,0
196,박종윤,롯데,A,3,57,407.333,3,0.993,0
196,박종윤,롯데,C,7,1,2,0,0,0
196,박종윤,롯데,A,D,0,0,0,0,0
198,박종훈,SK,A,1,28,140,1,0.977,0
198,박종훈,SK,A,D,0,0,0,0,0
199,박주현,넥센,C,1,30,119,3,0.85,0
199,박주현,넥센,C,D,0,0,0,0,0
200,박준영,NC,C,1,32,33.667,0,1,0
200,박준영,NC,C,D,0,0,0,0,0
201,박준표,KIA,C,1,46,51.667,0,1,0
201,박준표,KIA,C,D,0,0,0,0,0
202,박준혁,한화,C,9,2,10,0,1,0
202,박준혁,한화,C,7,1,1,0,0,0
202,박준혁,한화,C,D,0,0,0,0,0
203,박진형,롯데,A,1,39,92.667,1,0.952,0
203,박진형,롯데,A,D,0,0,0,0,0
204,박찬호,KIA,C,4,2,3,0,1,0
204,박찬호,KIA,C,6,62,165,7,0.926,0
204,박찬호,KIA,C,D,0,0,0,0,0
205,박한길,롯데,C,1,9,16.333,1,0.75,0
205,박한길,롯데,C,D,0,0,0,0,0
206,박한이,삼성,A,9,88,638,0,1,0
206,박한이,삼성,A,D,0,0,0,0,0
207,박해민,삼성,A,3,37,230.667,0,1,0
207,박해민,삼성,C,5,1,0.667,0,0,0
207,박해민,삼성,A,8,119,942,2,0.994,0
207,박해민,삼성,A,D,0,0,0,0,0
208,박헌도,롯데,C,3,1,2,0,1,0
208,박헌도,롯데,B,7,17,81.333,0,1,0
208,박헌도,롯데,C,D,0,0,0,0,0
209,박희수,SK,B,1,51,54.667,1,0.944,0
209,박희수,SK,B,D,0,0,0,0,0
210,발디리스,삼성,C,3,6,55.333,0,1,0
210,발디리스,삼성,B,5,38,287.333,5,0.942,0
210,발디리스,삼성,C,D,0,0,0,0,0
211,배민관,LG,C,1,2,5.667,0,1,0
211,배민관,LG,C,D,0,0,0,0,0
212,배병옥,kt,C,7,1,2,0,0,0
212,배병옥,kt,A,8,57,162.667,2,0.952,0
212,배병옥,kt,C,D,0,0,0,0,0
213,배영섭,삼성,A,9,60,415.667,0,1,0
213,배영섭,삼성,C,7,6,26,0,1,0
213,배영섭,삼성,A,8,29,212.333,0,1,0
213,배영섭,삼성,A,D,0,0,0,0,0
214,배우열,kt,C,1,36,40.333,0,1,0
214,배우열,kt,C,D,0,0,0,0,0
215,배장호,롯데,C,1,19,23.667,0,1,0
215,배장호,롯데,C,D,0,0,0,0,0
216,배재환,NC,C,1,11,22,0,1,0
216,배재환,NC,C,D,0,0,0,0,0
217,배힘찬,KIA,C,1,3,5.667,0,0,0
217,배힘찬,KIA,C,D,0,0,0,0,0
218,백상원,삼성,C,3,1,2,0,1,0
218,백상원,삼성,A,4,130,1060.667,8,0.985,0
218,백상원,삼성,C,D,0,0,0,0,0
219,백용환,KIA,B,2,74,425.333,6,0.982,30.4
219,백용환,KIA,B,D,0,0,0,0,0
220,백정현,삼성,C,1,70,68.667,0,1,0
220,백정현,삼성,C,D,0,0,0,0,0
221,백창수,LG,C,9,2,11,0,1,0
221,백창수,LG,C,8,4,23.333,0,1,0
221,백창수,LG,C,D,0,0,0,0,0
222,밴와트,kt,A,1,28,134.667,1,0.964,0
222,밴와트,kt,A,D,0,0,0,0,0
223,밴헤켄,넥센,C,1,12,72,0,1,0
223,밴헤켄,넥센,C,D,0,0,0,0,0
224,벨레스터,삼성,C,1,3,12.333,0,1,0
224,벨레스터,삼성,C,D,0,0,0,0,0
225,보우덴,두산,A,1,30,180,2,0.935,0
225,보우덴,두산,A,D,0,0,0,0,0
226,봉중근,LG,C,1,19,36.333,0,1,0
226,봉중근,LG,C,D,0,0,0,0,0
227,서건창,넥센,B,4,133,1125.333,15,0.978,0
227,서건창,넥센,B,D,0,0,0,0,0
228,서동욱,KIA,C,3,31,54,0,1,0
228,서동욱,KIA,A,4,113,816.667,6,0.987,0
228,서동욱,KIA,B,9,16,83,0,1,0
228,서동욱,KIA,C,7,1,1,0,0,0
228,서동욱,KIA,C,D,0,0,0,0,0
229,서상우,LG,C,3,11,24,0,1,0
229,서상우,LG,C,D,0,0,0,0,0
230,서예일,두산,C,4,3,10,0,1,0
230,서예일,두산,C,5,8,11.667,0,1,0
230,서예일,두산,C,6,17,37.667,1,0.957,0
230,서예일,두산,C,D,0,0,0,0,0
231,서진용,SK,C,1,25,26.667,0,1,0
231,서진용,SK,C,D,0,0,0,0,0
232,서캠프,한화,C,1,17,41.333,0,1,0
232,서캠프,한화,C,D,0,0,0,0,0
233,성의준,삼성,C,4,8,15,0,1,0
233,성의준,삼성,C,5,12,46,0,1,0
233,성의준,삼성,C,6,4,6,0,1,0
233,성의준,삼성,C,D,0,0,0,0,0
234,세든,SK,C,1,12,62,3,0.769,0
234,세든,SK,C,D,0,0,0,0,0
235,소사,LG,A,1,33,199,0,1,0
235,소사,LG,A,D,0,0,0,0,0
236,손승락,롯데,C,1,48,50.667,0,1,0
236,손승락,롯데,C,D,0,0,0,0,0
237,손시헌,NC,B,6,110,863,13,0.975,0
237,손시헌,NC,B,D,0,0,0,0,0
238,손아섭,롯데,A,9,143,1189,3,0.988,0
238,손아섭,롯데,A,D,0,0,0,0,0
239,손용석,롯데,C,3,11,50,0,1,0
239,손용석,롯데,C,4,7,14.333,0,1,0
239,손용석,롯데,B,5,20,137,2,0.957,0
239,손용석,롯데,C,2,1,1.667,0,1,0
239,손용석,롯데,C,D,0,0,0,0,0
240,손주인,LG,C,3,2,1.333,0,0,0
240,손주인,LG,A,4,110,791,6,0.987,0
240,손주인,LG,C,5,8,24,0,1,0
240,손주인,LG,C,6,9,45,1,0.964,0
240,손주인,LG,C,D,0,0,0,0,0
241,송광민,한화,C,3,4,29,2,0.917,0
241,송광민,한화,B,5,112,889,12,0.959,0
241,송광민,한화,C,D,0,0,0,0,0
242,송승준,롯데,C,1,10,41.333,0,1,0
242,송승준,롯데,C,D,0,0,0,0,0
243,송신영,한화,C,1,11,14.333,0,1,0
243,송신영,한화,C,D,0,0,0,0,0
244,송은범,한화,A,1,30,122,1,0.962,0
244,송은범,한화,A,D,0,0,0,0,0
245,송주호,한화,C,9,5,15,0,0,0
245,송주호,한화,B,7,23,98.333,0,1,0
245,송주호,한화,C,8,5,29,0,1,0
245,송주호,한화,C,D,0,0,0,0,0
246,송창식,한화,C,1,66,97.667,2,0.882,0
246,송창식,한화,C,D,0,0,0,0,0
247,송창현,한화,C,1,11,10.667,0,1,0
247,송창현,한화,C,D,0,0,0,0,0
248,스튜어트,NC,A,1,27,150,1,0.969,0
248,스튜어트,NC,A,D,0,0,0,0,0
249,신본기,롯데,C,4,1,1,0,0,0
249,신본기,롯데,A,6,25,204.333,2,0.977,0
249,신본기,롯데,C,D,0,0,0,0,0
250,신성현,한화,A,3,30,102,1,0.989,0
250,신성현,한화,C,4,1,1,0,1,0
250,신성현,한화,B,5,43,256.333,5,0.918,0
250,신성현,한화,C,6,9,24.667,1,0.917,0
250,신성현,한화,A,D,0,0,0,0,0
251,신승현,LG,C,1,49,45.333,0,1,0
251,신승현,LG,C,D,0,0,0,0,0
252,신용운,삼성,C,1,13,8,0,1,0
252,신용운,삼성,C,D,0,0,0,0,0
253,신재영,넥센,A,1,30,168.667,0,1,0
253,신재영,넥센,A,D,0,0,0,0,0
254,신재웅,SK,C,1,35,18,1,0.75,0
254,신재웅,SK,C,D,0,0,0,0,0
255,신종길,KIA,A,9,55,370,0,1,0
255,신종길,KIA,C,7,1,0.333,0,0,0
255,신종길,KIA,C,8,2,3,0,0,0
255,신종길,KIA,A,D,0,0,0,0,0
256,신현철,kt,C,4,16,33,0,1,0
256,신현철,kt,C,5,17,44.667,0,1,0
256,신현철,kt,C,D,0,0,0,0,0
257,심동섭,KIA,C,1,54,38,0,1,0
257,심동섭,KIA,C,D,0,0,0,0,0
258,심수창,한화,C,1,66,113.333,4,0.826,0
258,심수창,한화,C,D,0,0,0,0,0
259,심우준,kt,A,5,19,104,1,0.977,0
259,심우준,kt,C,6,92,510,12,0.957,0
259,심우준,kt,A,D,0,0,0,0,0
260,심재민,kt,B,1,59,54.333,1,0.875,0
260,심재민,kt,B,D,0,0,0,0,0
261,심창민,삼성,C,1,62,72.667,0,1,0
261,심창민,삼성,C,D,0,0,0,0,0
262,아두치,롯데,C,3,3,11,0,1,0
262,아두치,롯데,C,7,6,33,0,1,0
262,아두치,롯데,A,8,57,446.667,2,0.983,0
262,아두치,롯데,C,D,0,0,0,0,0
263,안규영,두산,C,1,16,47.667,0,1,0
263,안규영,두산,C,D,0,0,0,0,0
264,안상빈,kt,C,1,11,12,0,0,0
264,안상빈,kt,C,D,0,0,0,0,0
265,안영명,한화,C,1,2,2.667,1,0,0
265,안영명,한화,C,D,0,0,0,0,0
266,안익훈,LG,A,8,66,175,2,0.959,0
266,안익훈,LG,A,D,0,0,0,0,0
267,안중열,롯데,A,2,18,81,1,0.986,25
267,안중열,롯데,A,D,0,0,0,0,0
268,안지만,삼성,C,1,31,37.333,1,0.667,0
268,안지만,삼성,C,D,0,0,0,0,0
269,안치홍,KIA,B,4,10,82,0,1,0
269,안치홍,KIA,B,D,0,0,0,0,0
270,양석환,LG,A,3,59,340,4,0.989,0
270,양석환,LG,A,5,25,135.333,1,0.976,0
270,양석환,LG,A,D,0,0,0,0,0
271,양성우,한화,A,9,89,640,1,0.994,0
271,양성우,한화,A,7,40,255.333,1,0.986,0
271,양성우,한화,C,8,6,21,1,0.875,0
271,양성우,한화,A,D,0,0,0,0,0
272,양의지,두산,A,2,103,740,7,0.99,27
272,양의지,두산,A,D,0,0,0,0,0
273,양현종,KIA,B,1,31,200.333,3,0.925,0
273,양현종,KIA,B,D,0,0,0,0,0
274,양훈,넥센,C,1,20,70.667,0,1,0
274,양훈,넥센,C,D,0,0,0,0,0
275,엄상백,kt,C,1,52,73.333,3,0.824,0
275,엄상백,kt,C,D,0,0,0,0,0
276,에반스,두산,A,3,47,367,2,0.995,0
276,에반스,두산,A,D,0,0,0,0,0
277,오선진,한화,C,4,15,66,0,1,0
277,오선진,한화,C,5,31,73,0,1,0
277,오선진,한화,C,6,7,11.667,0,1,0
277,오선진,한화,C,D,0,0,0,0,0
278,오승택,롯데,C,3,4,33,0,1,0
278,오승택,롯데,C,4,2,6,2,0.714,0
278,오승택,롯데,C,5,1,8,0,1,0
278,오승택,롯데,C,6,7,48,0,1,0
278,오승택,롯데,C,D,0,0,0,0,0
279,오재원,두산,C,3,3,11,0,1,0
279,오재원,두산,B,4,120,941.667,16,0.97,0
279,오재원,두산,C,5,1,3,0,0,0
279,오재원,두산,C,D,0,0,0,0,0
280,오재일,두산,A,3,102,853,7,0.992,0
280,오재일,두산,A,D,0,0,0,0,0
281,오정복,kt,C,4,1,0.667,0,0,0
281,오정복,kt,C,5,1,0.333,0,0,0
281,오정복,kt,C,9,8,29,0,1,0
281,오정복,kt,A,7,87,589,3,0.976,0
281,오정복,kt,C,D,0,0,0,0,0
282,오주원,넥센,C,1,55,51,0,1,0
282,오주원,넥센,C,D,0,0,0,0,0
283,오준혁,KIA,C,3,5,6,0,1,0
283,오준혁,KIA,B,9,19,110.333,0,1,0
283,오준혁,KIA,A,7,18,94,1,0.95,0
283,오준혁,KIA,C,8,6,34,0,1,0
283,오준혁,KIA,C,D,0,0,0,0,0
284,오지환,LG,B,6,119,990,17,0.97,0
284,오지환,LG,B,D,0,0,0,0,0
285,오현근,롯데,C,9,1,2,1,0.667,0
285,오현근,롯데,C,7,4,3,0,0,0
285,오현근,롯데,C,8,6,25,0,1,0
285,오현근,롯데,C,D,0,0,0,0,0
286,오현택,두산,C,1,20,20.667,0,1,0
286,오현택,두산,C,D,0,0,0,0,0
287,용덕한,NC,A,2,87,310.667,1,0.997,38.1
287,용덕한,NC,A,D,0,0,0,0,0
288,우규민,LG,B,1,28,132,2,0.923,0
288,우규민,LG,B,D,0,0,0,0,0
289,우동균,삼성,B,9,16,115,2,0.941,0
289,우동균,삼성,C,7,5,21,0,1,0
289,우동균,삼성,B,D,0,0,0,0,0
290,원종현,NC,B,1,54,70.667,1,0.889,0
290,원종현,NC,B,D,0,0,0,0,0
291,웹스터,삼성,C,1,12,71,0,1,0
291,웹스터,삼성,C,D,0,0,0,0,0
292,유강남,LG,A,2,100,658,5,0.991,38.1
292,유강남,LG,A,D,0,0,0,0,0
293,유경국,LG,C,1,2,5.333,0,1,0
293,유경국,LG,C,D,0,0,0,0,0
294,유민상,kt,A,3,78,447,5,0.989,0
294,유민상,kt,A,D,0,0,0,0,0
295,유서준,SK,C,4,2,3.333,0,1,0
295,유서준,SK,C,5,1,1,0,0,0
295,유서준,SK,C,6,1,1.333,0,0,0
295,유서준,SK,C,D,0,0,0,0,0
296,유원상,LG,C,1,19,24,0,1,0
296,유원상,LG,C,D,0,0,0,0,0
297,유재신,넥센,C,3,7,10.667,0,1,0
297,유재신,넥센,C,4,4,10,1,0.857,0
297,유재신,넥센,C,5,5,6,0,1,0
297,유재신,넥센,C,9,18,28,0,1,0
297,유재신,넥센,C,7,7,13,0,1,0
297,유재신,넥센,A,8,47,159.333,1,0.978,0
297,유재신,넥센,C,D,0,0,0,0,0
298,유재유,LG,C,1,7,6.667,0,1,0
298,유재유,LG,C,D,0,0,0,0,0
299,유재훈,넥센,C,1,1,0.333,0,0,0
299,유재훈,넥센,C,D,0,0,0,0,0
300,유창식,KIA,C,1,1,1.333,0,0,0
300,유창식,KIA,C,D,0,0,0,0,0
301,유한준,kt,C,3,3,3,0,1,0
301,유한준,kt,A,9,89,686.667,1,0.994,0
301,유한준,kt,C,8,12,69,0,1,0
301,유한준,kt,C,D,0,0,0,0,0
302,유희관,두산,A,1,30,185.667,2,0.952,0
302,유희관,두산,A,D,0,0,0,0,0
303,윤규진,한화,A,1,41,100.333,1,0.952,0
303,윤규진,한화,A,D,0,0,0,0,0
304,윤근영,kt,C,1,3,4,0,1,0
304,윤근영,kt,C,D,0,0,0,0,0
305,윤길현,롯데,C,1,62,60,0,1,0
305,윤길현,롯데,C,D,0,0,0,0,0
306,윤명준,두산,C,1,55,57,0,1,0
306,윤명준,두산,C,D,0,0,0,0,0
307,윤병호,NC,C,9,1,1,0,0,0
307,윤병호,NC,C,7,3,8,0,1,0
307,윤석민,KIA,C,1,16,31,0,1,0
307,윤병호,NC,C,D,0,0,0,0,0
308,윤석민,넥센,B,3,37,303.333,5,0.984,0
308,윤석민,넥센,A,5,15,103,1,0.971,0
308,윤석민,넥센,B,D,0,0,0,0,0
310,윤성환,삼성,A,1,28,180,1,0.968,0
310,윤성환,삼성,A,D,0,0,0,0,0
311,윤완주,KIA,C,4,28,69.667,0,1,0
311,윤완주,KIA,C,5,3,7,0,1,0
311,윤완주,KIA,C,D,0,0,0,0,0
312,윤요섭,kt,B,2,33,174.333,3,0.981,8.7
312,윤요섭,kt,B,D,0,0,0,0,0
313,윤정우,KIA,C,9,14,64.333,0,1,0
313,윤정우,KIA,B,7,16,67,1,0.933,0
313,윤정우,KIA,C,8,2,3,0,1,0
313,윤정우,KIA,C,D,0,0,0,0,0
314,윤지웅,LG,C,1,59,44,1,0.917,0
314,윤지웅,LG,C,D,0,0,0,0,0
315,윤진호,LG,C,4,17,33.333,0,1,0
315,윤진호,LG,C,5,1,1,0,0,0
315,윤진호,LG,C,6,16,51,2,0.917,0
315,윤진호,LG,C,D,0,0,0,0,0
316,윤희상,SK,B,1,23,122.667,0,1,0
316,윤희상,SK,B,D,0,0,0,0,0
317,이건욱,SK,C,1,1,0.667,0,0,0
317,이건욱,SK,C,D,0,0,0,0,0
318,이경우,롯데,C,1,1,2,0,0,0
318,이경우,롯데,C,D,0,0,0,0,0
319,이대수,SK,C,3,1,3.333,0,1,0
319,이대수,SK,C,4,2,9,0,1,0
319,이대수,SK,C,5,3,4,0,1,0
319,이대수,SK,C,6,1,2,0,1,0
319,이대수,SK,C,D,0,0,0,0,0
320,이대형,kt,A,7,49,257.667,1,0.976,0
320,이대형,kt,A,8,117,896,1,0.995,0
320,이대형,kt,A,D,0,0,0,0,0
321,이동걸,한화,C,1,5,5,0,1,0
321,이동걸,한화,C,D,0,0,0,0,0
322,이동현,LG,C,1,46,43.333,0,1,0
322,이동현,LG,C,D,0,0,0,0,0
323,이동훈,한화,C,9,3,4,0,0,0
323,이동훈,한화,C,7,3,5.333,0,0,0
323,이동훈,한화,C,8,7,14,0,1,0
323,이동훈,한화,C,D,0,0,0,0,0
324,이명기,SK,C,9,1,2,0,0,0
324,이명기,SK,A,7,87,592.667,4,0.974,0
324,이명기,SK,C,D,0,0,0,0,0
325,이명우,롯데,C,1,45,33,0,1,0
325,이명우,롯데,C,D,0,0,0,0,0
326,이민호,NC,B,1,45,130.667,2,0.917,0
326,이민호,NC,B,D,0,0,0,0,0
327,이범호,KIA,A,5,130,1038.667,11,0.963,0
327,이범호,KIA,A,D,0,0,0,0,0
328,이병규,LG,C,3,1,4,0,1,0
328,이병규,LG,B,9,16,102.333,0,1,0
328,이병규,LG,A,7,75,517.333,3,0.977,0
328,이병규,LG,C,D,0,0,0,0,0
329,이보근,넥센,B,1,67,64.667,1,0.909,0
329,이보근,넥센,B,D,0,0,0,0,0
330,이상호,NC,C,3,1,4,0,1,0
330,이상호,NC,C,4,7,29,1,0.917,0
330,이상호,NC,C,5,1,3,0,0,0
330,이상호,NC,C,6,8,24,0,1,0
330,이상호,NC,C,D,0,0,0,0,0
331,이상화,kt,C,1,16,32.667,1,0.8,0
331,이상화,kt,C,D,0,0,0,0,0
332,이상훈,삼성,C,9,4,12.333,0,1,0
332,이상훈,삼성,C,7,1,1,0,0,0
332,이상훈,삼성,C,8,3,14,0,1,0
332,이상훈,삼성,C,D,0,0,0,0,0
333,이성규,삼성,C,4,1,3,0,0,0
333,이성규,삼성,C,5,3,10,0,1,0
333,이성규,삼성,C,D,0,0,0,0,0
334,이성민,롯데,C,1,36,68.667,2,0.889,0
334,이성민,롯데,C,D,0,0,0,0,0
335,이성열,한화,C,3,5,30.333,0,1,0
335,이성열,한화,B,9,21,104.333,0,1,0
335,이성열,한화,A,7,48,253.333,2,0.966,0
335,이성열,한화,C,8,1,2,0,0,0
335,이성열,한화,C,D,0,0,0,0,0
336,이성우,KIA,A,2,53,227,2,0.99,31.6
336,이성우,KIA,A,D,0,0,0,0,0
337,이승엽,삼성,C,3,4,36.333,0,1,0
337,이승엽,삼성,C,D,0,0,0,0,0
338,이승현,LG,C,1,38,41,0,1,0
338,이승현,LG,C,D,0,0,0,0,0
339,이양기,한화,C,9,1,1,0,0,0
339,이양기,한화,A,7,15,98,1,0.957,0
339,이양기,한화,C,D,0,0,0,0,0
340,이여상,롯데,C,3,3,5,0,1,0
340,이여상,롯데,A,4,26,84.667,1,0.98,0
340,이여상,롯데,C,5,7,30,2,0.6,0
340,이여상,롯데,C,6,25,91.333,2,0.961,0
340,이여상,롯데,C,D,0,0,0,0,0
341,이영욱,삼성,C,9,32,59.333,0,1,0
341,이영욱,삼성,C,7,30,51.333,0,1,0
341,이영욱,삼성,B,8,24,76,1,0.971,0
341,이영욱,삼성,C,D,0,0,0,0,0
342,이영재,LG,C,1,1,0,0,0,0
342,이영재,LG,C,D,0,0,0,0,0
343,이용규,한화,A,8,113,979.333,3,0.99,0
343,이용규,한화,A,D,0,0,0,0,0
344,이용찬,두산,C,1,5,6.667,0,1,0
344,이용찬,두산,C,D,0,0,0,0,0
345,이용호,두산,C,1,1,1.667,0,0,0
345,이용호,두산,C,D,0,0,0,0,0
346,이우민,롯데,C,9,6,20.333,0,1,0
346,이우민,롯데,C,7,3,4,0,1,0
346,이우민,롯데,A,8,34,195,0,1,0
346,이우민,롯데,C,D,0,0,0,0,0
347,이원석,두산,C,5,3,23.667,0,1,0
347,이원석,두산,C,6,3,20,2,0.857,0
347,이원석,두산,C,D,0,0,0,0,0
348,이재우,한화,C,1,15,25.333,0,1,0
348,이재우,한화,C,D,0,0,0,0,0
349,이재원,SK,A,2,116,896.333,8,0.99,34.5
349,이재원,SK,A,D,0,0,0,0,0
350,이재율,NC,C,7,1,2,0,0,0
350,이재율,NC,C,8,11,33,1,0.909,0
350,이재율,NC,C,D,0,0,0,0,0
351,이재학,NC,B,1,26,127.667,2,0.909,0
351,이재학,NC,B,D,0,0,0,0,0
352,이정담,SK,C,1,6,5.333,0,1,0
352,이정담,SK,C,D,0,0,0,0,0
353,이정민,롯데,C,1,66,77,0,1,0
353,이정민,롯데,C,D,0,0,0,0,0
354,이정식,삼성,C,2,7,30,1,0.941,40
354,이정식,삼성,C,D,0,0,0,0,0
355,이정훈,넥센,C,1,15,18,0,1,0
355,이정훈,넥센,C,D,0,0,0,0,0
356,이종욱,NC,A,7,66,434.333,1,0.99,0
356,이종욱,NC,A,8,65,496.667,1,0.991,0
356,이종욱,NC,A,D,0,0,0,0,0
357,이종환,한화,C,9,5,10,0,1,0
357,이종환,한화,C,7,1,1,0,0,0
357,이종환,한화,C,D,0,0,0,0,0
358,이준영,KIA,C,1,13,17.667,1,0.667,0
358,이준영,KIA,C,D,0,0,0,0,0
359,이준형,LG,C,1,25,71.333,3,0.85,0
359,이준형,LG,C,D,0,0,0,0,0
360,이지영,삼성,A,2,124,867,10,0.987,31.3
360,이지영,삼성,A,D,0,0,0,0,0
361,이진석,SK,C,9,20,44.667,0,1,0
361,이진석,SK,C,7,3,14,0,1,0
361,이진석,SK,C,8,18,58.667,0,1,0
361,이진영,KIA,B,9,13,69.333,1,0.933,0
361,이진영,KIA,C,7,2,6,0,1,0
361,이진영,KIA,C,8,2,2,0,1,0
361,이진석,SK,C,D,0,0,0,0,0
362,이진영,kt,B,9,16,100,0,1,0
362,이진영,kt,B,D,0,0,0,0,0
364,이창재,kt,C,1,47,40.333,0,1,0
364,이창재,kt,C,D,0,0,0,0,0
365,이천웅,LG,A,9,48,253.667,2,0.957,0
365,이천웅,LG,A,7,30,183.333,0,1,0
365,이천웅,LG,A,8,32,174.333,0,1,0
365,이태양,NC,C,1,10,47,0,1,0
365,이천웅,LG,A,D,0,0,0,0,0
366,이태양,한화,A,1,29,112.333,1,0.944,0
366,이태양,한화,A,D,0,0,0,0,0
368,이택근,넥센,A,9,79,571.333,0,1,0
368,이택근,넥센,A,7,18,116,1,0.96,0
368,이택근,넥센,A,D,0,0,0,0,0
369,이해창,kt,B,2,85,575.333,8,0.985,47
369,이해창,kt,B,D,0,0,0,0,0
370,이현석,SK,C,2,9,17.667,0,1,0
370,이현석,SK,C,D,0,0,0,0,0
371,이현승,두산,C,1,56,57.667,0,1,0
371,이현승,두산,C,D,0,0,0,0,0
372,이현호,두산,C,1,41,47,0,1,0
372,이현호,두산,C,D,0,0,0,0,0
373,이형종,LG,B,9,23,85.667,0,1,0
373,이형종,LG,A,7,32,161,0,1,0
373,이형종,LG,C,8,6,23.333,0,1,0
373,이형종,LG,B,D,0,0,0,0,0
374,이호신,KIA,B,9,44,126,0,1,0
374,이호신,KIA,C,7,2,4,0,1,0
374,이호신,KIA,C,8,2,7,0,1,0
374,이호신,KIA,B,D,0,0,0,0,0
375,이홍구,KIA,C,3,2,2,0,1,0
375,이홍구,KIA,A,2,92,532,5,0.989,15.2
375,이홍구,KIA,C,D,0,0,0,0,0
376,이흥련,삼성,B,2,82,381.333,5,0.985,20.5
376,이흥련,삼성,B,D,0,0,0,0,0
377,임기준,KIA,C,1,19,31.333,3,0.727,0
377,임기준,KIA,C,D,0,0,0,0,0
378,임대한,삼성,C,1,26,28,0,1,0
378,임대한,삼성,C,D,0,0,0,0,0
379,임병욱,넥센,C,9,1,3,0,1,0
379,임병욱,넥센,A,8,101,638.667,3,0.986,0
379,임병욱,넥센,C,D,0,0,0,0,0
380,임서준,NC,C,1,2,6.333,0,0,0
380,임서준,NC,C,D,0,0,0,0,0
381,임석진,SK,C,3,3,6,0,1,0
381,임석진,SK,C,D,0,0,0,0,0
382,임익준,한화,C,6,2,6,0,1,0
382,임익준,한화,C,D,0,0,0,0,0
383,임정우,LG,B,1,67,70.667,1,0.857,0
383,임정우,LG,B,D,0,0,0,0,0
384,임정호,NC,C,1,42,23.333,1,0.75,0
384,임정호,NC,C,D,0,0,0,0,0
385,임준혁,SK,C,1,12,34,1,0.857,0
385,임준혁,SK,C,D,0,0,0,0,0
386,임찬규,LG,C,1,15,47,0,1,0
386,임찬규,LG,C,D,0,0,0,0,0
387,임창민,NC,C,1,65,70,0,1,0
387,임창민,NC,C,D,0,0,0,0,0
388,임창용,KIA,C,1,34,35,1,0.75,0
388,임창용,KIA,C,D,0,0,0,0,0
389,임현준,삼성,C,1,2,1,0,1,0
389,임현준,삼성,C,D,0,0,0,0,0
390,임훈,LG,B,9,30,96,0,1,0
390,임훈,LG,C,7,1,2,0,0,0
390,임훈,LG,A,8,45,288,0,1,0
390,임훈,LG,B,D,0,0,0,0,0
391,장민석,한화,B,9,18,83.667,0,1,0
391,장민석,한화,A,7,57,266.667,2,0.957,0
391,장민석,한화,A,8,31,167,1,0.975,0
391,장민석,한화,B,D,0,0,0,0,0
392,장민재,한화,C,1,48,119.333,4,0.81,0
392,장민재,한화,C,D,0,0,0,0,0
393,장시윤,넥센,C,4,4,17,1,0.9,0
393,장시윤,넥센,C,5,4,14,2,0.778,0
393,장시윤,넥센,C,D,0,0,0,0,0
394,장시환,kt,C,1,40,75.333,0,1,0
394,장시환,kt,C,D,0,0,0,0,0
395,장영석,넥센,C,3,9,37,2,0.947,0
395,장영석,넥센,C,5,7,20,1,0.857,0
395,장영석,넥센,C,D,0,0,0,0,0
396,장운호,한화,C,9,6,17,0,1,0
396,장운호,한화,B,7,31,124.667,0,1,0
396,장운호,한화,C,8,14,74.333,0,1,0
396,장운호,한화,C,D,0,0,0,0,0
397,장원삼,삼성,C,1,26,78.333,0,1,0
397,장원삼,삼성,C,D,0,0,0,0,0
398,장원준,두산,A,1,27,168,1,0.958,0
398,장원준,두산,A,D,0,0,0,0,0
399,장준원,LG,C,6,13,36.667,0,1,0
399,장준원,LG,C,D,0,0,0,0,0
400,장진용,LG,C,1,2,5.333,0,0,0
400,장진용,LG,C,D,0,0,0,0,0
401,장필준,삼성,C,1,56,72,0,1,0
401,장필준,삼성,C,D,0,0,0,0,0
402,장현식,NC,B,1,37,76.333,1,0.875,0
402,장현식,NC,B,D,0,0,0,0,0
403,전민수,kt,A,9,36,247.333,0,1,0
403,전민수,kt,A,7,33,200.333,0,1,0
403,전민수,kt,A,D,0,0,0,0,0
404,전병두,SK,C,1,1,0.333,0,0,0
404,전병두,SK,C,D,0,0,0,0,0
405,전상현,KIA,C,1,8,13.333,0,1,0
405,전상현,KIA,C,D,0,0,0,0,0
406,전유수,SK,B,1,46,54.333,1,0.889,0
406,전유수,SK,B,D,0,0,0,0,0
407,전인환,LG,C,1,5,6.333,0,1,0
407,전인환,LG,C,D,0,0,0,0,0
408,전준우,롯데,A,8,25,209.333,0,1,0
408,전준우,롯데,A,D,0,0,0,0,0
409,정근우,한화,B,4,138,1170.667,16,0.979,0
409,정근우,한화,C,9,2,3,0,0,0
409,정근우,한화,C,7,1,3,0,1,0
409,정근우,한화,C,8,2,5,0,1,0
409,정근우,한화,B,D,0,0,0,0,0
410,정대현,kt,A,1,22,91.333,1,0.938,0
410,정대현,kt,A,D,0,0,0,0,0
411,정대현,롯데,C,1,24,17.333,1,0.833,0
411,정대현,롯데,C,D,0,0,0,0,0
412,정대훈,한화,C,1,36,38.667,0,1,0
412,정대훈,한화,C,D,0,0,0,0,0
413,정동현,KIA,C,1,9,18,0,1,0
413,정동현,KIA,C,D,0,0,0,0,0
414,정범모,한화,C,2,4,8.333,0,1,0
414,정범모,한화,C,D,0,0,0,0,0
415,정상호,LG,A,2,72,367.667,3,0.99,27.8
415,정상호,LG,A,D,0,0,0,0,0
416,정성곤,kt,C,1,28,66.333,2,0.889,0
416,정성곤,kt,C,D,0,0,0,0,0
417,정성훈,LG,A,3,105,729.667,4,0.995,0
417,정성훈,LG,C,5,1,1,0,1,0
417,정성훈,LG,A,D,0,0,0,0,0
418,정수민,NC,C,1,15,48,0,1,0
418,정수민,NC,C,D,0,0,0,0,0
419,정수빈,두산,A,8,107,624.667,2,0.989,0
419,정수빈,두산,A,D,0,0,0,0,0
420,정영일,SK,C,1,21,24.667,0,1,0
420,정영일,SK,C,D,0,0,0,0,0
421,정용운,KIA,C,1,12,21.667,1,0.833,0
421,정용운,KIA,C,D,0,0,0,0,0
422,정용준,넥센,C,1,5,9,0,1,0
422,정용준,넥센,C,D,0,0,0,0,0
423,정우람,한화,A,1,61,81,1,0.958,0
423,정우람,한화,A,D,0,0,0,0,0
424,정의윤,SK,A,9,99,759,5,0.97,0
424,정의윤,SK,C,7,2,4.333,0,1,0
424,정의윤,SK,A,D,0,0,0,0,0
425,정인욱,삼성,B,1,27,111,0,1,0
425,정인욱,삼성,B,D,0,0,0,0,0
426,정재원,한화,C,1,14,21.333,0,1,0
426,정재원,한화,C,D,0,0,0,0,0
427,정재훈,두산,C,1,46,52.333,0,1,0
427,정재훈,두산,C,D,0,0,0,0,0
428,정주현,LG,B,4,79,404.333,7,0.969,0
428,정주현,LG,C,8,2,1.667,0,0,0
428,정주현,LG,B,D,0,0,0,0,0
429,정주후,kt,C,4,2,1.667,1,0.5,0
429,정주후,kt,C,6,4,3.333,0,0,0
429,정주후,kt,C,D,0,0,0,0,0
430,정진철,두산,C,4,2,3,0,1,0
430,정진철,두산,C,D,0,0,0,0,0
431,정진호,두산,C,9,7,14.333,0,1,0
431,정진호,두산,C,7,13,44.667,0,1,0
431,정진호,두산,C,8,1,1,0,0,0
431,정진호,두산,C,D,0,0,0,0,0
432,정찬헌,LG,C,1,6,8,0,1,0
432,정찬헌,LG,C,D,0,0,0,0,0
433,정현석,한화,C,9,1,3,0,0,0
433,정현석,한화,C,7,2,12,0,1,0
433,정현석,한화,C,D,0,0,0,0,0
434,정현욱,LG,C,1,17,21,0,0,0
434,정현욱,LG,C,D,0,0,0,0,0
435,정회찬,넥센,C,1,11,9.667,0,1,0
435,정회찬,넥센,C,D,0,0,0,0,0
436,정훈,롯데,B,4,114,851.333,11,0.976,0
436,정훈,롯데,B,D,0,0,0,0,0
437,조동찬,삼성,C,4,11,42.333,0,1,0
437,조동찬,삼성,C,5,76,504.667,11,0.929,0
437,조동찬,삼성,C,6,11,25.333,0,1,0
437,조동찬,삼성,C,D,0,0,0,0,0
438,조동화,SK,A,9,41,155,1,0.969,0
438,조동화,SK,A,7,24,123,1,0.958,0
438,조동화,SK,B,8,18,89.333,0,1,0
438,조동화,SK,A,D,0,0,0,0,0
439,조무근,kt,C,1,38,38.667,0,1,0
439,조무근,kt,C,D,0,0,0,0,0
440,조성모,SK,C,4,1,1,0,1,0
440,조성모,SK,C,6,1,1,0,1,0
440,조성모,SK,C,D,0,0,0,0,0
441,조수행,두산,C,9,14,26,0,1,0
441,조수행,두산,C,7,32,61,0,1,0
441,조수행,두산,C,8,11,28,1,0.857,0
441,조수행,두산,C,D,0,0,0,0,0
442,조승수,두산,C,1,7,8.333,0,0,0
442,조승수,두산,C,D,0,0,0,0,0
443,조영훈,NC,B,3,73,360.333,5,0.987,0
443,조영훈,NC,B,D,0,0,0,0,0
444,조윤준,LG,C,2,2,5,0,1,0
444,조윤준,LG,C,D,0,0,0,0,0
445,조인성,한화,A,2,73,333.667,4,0.986,28.9
445,조인성,한화,A,D,0,0,0,0,0
446,조평호,NC,C,5,1,1,0,0,0
446,조평호,NC,C,D,0,0,0,0,0
447,조한욱,SK,C,1,2,2.333,0,1,0
447,조한욱,SK,C,D,0,0,0,0,0
448,조현근,삼성,C,1,3,5.333,0,1,0
448,조현근,삼성,C,D,0,0,0,0,0
449,주권,kt,B,1,28,134,0,1,0
449,주권,kt,B,D,0,0,0,0,0
450,주현상,한화,C,4,3,3,0,1,0
450,주현상,한화,C,5,6,8,0,1,0
450,주현상,한화,C,6,1,1,0,0,0
450,주현상,한화,C,D,0,0,0,0,0
451,주효상,넥센,C,2,8,25.333,0,1,50
451,주효상,넥센,C,D,0,0,0,0,0
452,지석훈,NC,A,4,58,336,3,0.982,0
452,지석훈,NC,A,5,38,161,0,1,0
452,지석훈,NC,B,6,56,323.333,6,0.965,0
452,지석훈,NC,A,D,0,0,0,0,0
453,지성준,한화,C,2,1,1,0,1,0
453,지성준,한화,C,D,0,0,0,0,0
454,지재옥,넥센,C,2,7,39,0,1,10
454,지재옥,넥센,C,D,0,0,0,0,0
455,지크,KIA,B,1,30,152,3,0.842,0
455,지크,KIA,B,D,0,0,0,0,0
456,진야곱,두산,C,1,55,62,0,1,0
456,진야곱,두산,C,D,0,0,0,0,0
457,진해수,LG,C,1,75,54,0,1,0
457,진해수,LG,C,D,0,0,0,0,0
458,차우찬,삼성,C,1,24,152.333,4,0.905,0
458,차우찬,삼성,C,D,0,0,0,0,0
459,차일목,한화,A,2,116,708.333,6,0.991,29
459,차일목,한화,A,D,0,0,0,0,0
460,차재용,롯데,C,1,2,2.667,0,0,0
460,차재용,롯데,C,D,0,0,0,0,0
461,채병용,SK,C,1,68,83.667,2,0.882,0
461,채병용,SK,C,D,0,0,0,0,0
462,채선관,kt,C,1,1,0.333,0,0,0
462,채선관,kt,C,D,0,0,0,0,0
463,채은성,LG,A,9,95,665,1,0.993,0
463,채은성,LG,B,7,32,135.333,2,0.929,0
463,채은성,LG,B,8,15,88,0,1,0
463,채은성,LG,C,2,1,1,1,0,0
463,채은성,LG,A,D,0,0,0,0,0
464,채태인,넥센,A,3,68,518.667,3,0.994,0
464,채태인,넥센,A,D,0,0,0,0,0
465,최경철,LG,B,2,29,125.333,2,0.983,55.6
465,최경철,LG,B,D,0,0,0,0,0
466,최금강,NC,B,1,52,108,2,0.889,0
466,최금강,NC,B,D,0,0,0,0,0
467,최동환,LG,C,1,26,34.667,1,0.8,0
467,최동환,LG,C,D,0,0,0,0,0
468,최병연,KIA,C,4,3,6.333,0,1,0
468,최병연,KIA,C,5,4,5,0,1,0
468,최병연,KIA,C,6,6,20.667,0,1,0
468,최병연,KIA,C,D,0,0,0,0,0
469,최선호,삼성,C,9,9,19,0,1,0
469,최선호,삼성,C,7,27,40,0,1,0
469,최선호,삼성,C,8,6,32,0,1,0
469,최선호,삼성,C,D,0,0,0,0,0
470,최성영,NC,C,1,7,4.667,0,1,0
470,최성영,NC,C,D,0,0,0,0,0
471,최성훈,LG,C,1,28,22.667,2,0.6,0
471,최성훈,LG,C,D,0,0,0,0,0
472,최승준,SK,A,3,41,237.667,2,0.992,0
472,최승준,SK,C,2,1,1,0,1,0
472,최승준,SK,A,D,0,0,0,0,0
473,최영필,KIA,C,1,54,57.333,0,1,0
473,최영필,KIA,C,D,0,0,0,0,0
474,최용제,두산,C,2,4,20,0,1,0
474,최용제,두산,C,D,0,0,0,0,0
475,최원재,kt,C,1,10,9.333,0,0,0
475,최원재,kt,C,D,0,0,0,0,0
476,최원준,KIA,C,3,2,2,0,1,0
476,최원준,KIA,C,5,1,4.667,0,0,0
476,최원준,KIA,C,9,4,23.667,0,1,0
476,최원준,KIA,C,6,2,3,1,0.667,0
476,최원준,KIA,C,8,4,16,1,0.75,0
476,최원준,KIA,C,D,0,0,0,0,0
477,최원태,넥센,B,1,17,61,1,0.833,0
477,최원태,넥센,B,D,0,0,0,0,0
478,최윤석,한화,C,4,4,15.333,1,0.875,0
478,최윤석,한화,C,6,8,27.333,0,1,0
478,최윤석,한화,C,D,0,0,0,0,0
479,최재원,삼성,B,4,9,62.333,1,0.974,0
479,최재원,삼성,C,5,8,63,0,1,0
479,최재원,삼성,C,9,5,23,0,1,0
479,최재원,삼성,C,7,7,47,0,1,0
479,최재원,삼성,B,D,0,0,0,0,0
480,최재훈,두산,B,2,20,58.333,1,0.978,25
480,최재훈,두산,B,D,0,0,0,0,0
481,최정,SK,A,5,140,1181.333,14,0.964,0
481,최정,SK,A,D,0,0,0,0,0
482,최정민,SK,B,4,51,260.667,5,0.968,0
482,최정민,SK,C,5,6,20,0,1,0
482,최정민,SK,C,9,2,2,0,0,0
482,최정민,SK,B,D,0,0,0,0,0
483,최정용,SK,C,3,5,9,0,1,0
483,최정용,SK,C,4,12,48,0,1,0
483,최정용,SK,C,5,13,39.333,0,1,0
483,최정용,SK,C,6,10,14.333,1,0.833,0
483,최정용,SK,C,D,0,0,0,0,0
484,최주환,두산,B,4,32,146.333,2,0.975,0
484,최주환,두산,C,5,7,11,0,1,0
484,최주환,두산,B,D,0,0,0,0,0
485,최준석,롯데,C,3,5,14,0,1,0
485,최준석,롯데,C,D,0,0,0,0,0
486,최진행,한화,A,7,26,167,0,1,0
486,최진행,한화,A,D,0,0,0,0,0
487,최충연,삼성,C,1,3,7.667,0,1,0
487,최충연,삼성,C,D,0,0,0,0,0
488,최형우,삼성,A,7,134,1094,3,0.987,0
488,최형우,삼성,A,D,0,0,0,0,0
489,카스티요,한화,B,1,20,84,0,1,0
489,카스티요,한화,B,D,0,0,0,0,0
490,켈리,SK,A,1,31,200.333,1,0.981,0
490,켈리,SK,A,D,0,0,0,0,0
491,코엘로,넥센,B,1,12,62,1,0.857,0
491,코엘로,넥센,B,D,0,0,0,0,0
492,코프랜드,LG,C,1,13,63.333,2,0.833,0
492,코프랜드,LG,C,D,0,0,0,0,0
493,테임즈,NC,A,3,114,905,4,0.995,0
493,테임즈,NC,A,D,0,0,0,0,0
494,플란데,삼성,C,1,13,68.667,0,1,0
494,플란데,삼성,C,D,0,0,0,0,0
495,피노,kt,C,1,12,39,0,1,0
495,피노,kt,C,D,0,0,0,0,0
496,피어밴드,kt,B,1,31,182,3,0.929,0
496,피어밴드,kt,B,D,0,0,0,0,0
497,필,KIA,B,3,123,997.667,13,0.987,0
497,필,KIA,C,4,2,2,0,1,0
497,필,KIA,B,D,0,0,0,0,0
498,하영민,넥센,C,1,11,28.667,0,1,0
498,하영민,넥센,C,D,0,0,0,0,0
499,하주석,한화,C,5,8,20,0,1,0
499,하주석,한화,C,6,109,886.333,19,0.959,0
499,하주석,한화,C,D,0,0,0,0,0
500,하준호,kt,B,9,29,119,0,1,0
500,하준호,kt,A,7,43,201.667,2,0.968,0
500,하준호,kt,B,8,19,107.333,2,0.935,0
500,하준호,kt,B,D,0,0,0,0,0
501,한기주,KIA,C,1,29,56.333,0,1,0
501,한기주,KIA,C,D,0,0,0,0,0
502,한동민,SK,C,3,1,1,0,0,0
502,한동민,SK,C,9,2,11,0,0,0
502,한동민,SK,C,7,3,26,0,1,0
502,한동민,SK,C,D,0,0,0,0,0
503,한승택,KIA,A,2,25,91.667,1,0.988,6.3
503,한승택,KIA,A,D,0,0,0,0,0
504,한승혁,KIA,C,1,36,33.333,1,0.8,0
504,한승혁,KIA,C,D,0,0,0,0,0
505,함덕주,두산,C,1,15,8.667,1,0.667,0
505,함덕주,두산,C,D,0,0,0,0,0
506,해커,NC,A,1,23,140.667,1,0.975,0
506,해커,NC,A,D,0,0,0,0,0
507,허경민,두산,C,4,1,2,0,1,0
507,허경민,두산,A,5,142,1206.333,7,0.979,0
507,허경민,두산,C,6,3,10,1,0.75,0
507,허경민,두산,C,D,0,0,0,0,0
508,허도환,한화,A,2,47,230.667,1,0.994,40.7
508,허도환,한화,A,D,0,0,0,0,0
509,허정협,넥센,C,9,5,21,1,0.875,0
509,허정협,넥센,C,7,3,13,0,1,0
509,허정협,넥센,C,D,0,0,0,0,0
510,허준혁,두산,B,1,28,89.333,0,1,0
510,허준혁,두산,B,D,0,0,0,0,0
511,허프,LG,C,1,13,74.667,3,0.8,0
511,허프,LG,C,D,0,0,0,0,0
512,헥터,KIA,A,1,31,206.667,1,0.979,0
512,헥터,KIA,A,D,0,0,0,0,0
513,홍건희,KIA,A,1,50,90.333,1,0.909,0
513,홍건희,KIA,A,D,0,0,0,0,0
514,홍상삼,두산,C,1,11,12,0,0,0
514,홍상삼,두산,C,D,0,0,0,0,0
515,홍성갑,넥센,C,3,6,18,0,1,0
515,홍성갑,넥센,C,9,5,10,0,0,0
515,홍성갑,넥센,C,7,11,59,0,1,0
515,홍성갑,넥센,C,8,1,1,0,1,0
515,홍성갑,넥센,C,D,0,0,0,0,0
516,홍성무,kt,C,1,8,9,1,0.667,0
516,홍성무,kt,C,D,0,0,0,0,0
517,홍성민,롯데,C,1,52,42.667,1,0.857,0
517,홍성민,롯데,C,D,0,0,0,0,0
518,홍성용,kt,C,1,67,46.333,3,0.769,0
518,홍성용,kt,C,D,0,0,0,0,0
519,홍영현,두산,C,1,6,6.333,0,0,0
519,홍영현,두산,C,D,0,0,0,0,0
520,홍재호,KIA,C,4,17,28,0,1,0
520,홍재호,KIA,C,5,4,5,0,1,0
520,홍재호,KIA,C,6,1,1,0,0,0
520,홍재호,KIA,C,D,0,0,0,0,0
521,홍창기,LG,C,7,2,8,0,1,0
521,홍창기,LG,C,D,0,0,0,0,0
522,황대인,KIA,C,5,2,3,0,1,0
522,황대인,KIA,C,D,0,0,0,0,0
523,황덕균,넥센,C,1,7,16.333,0,1,0
523,황덕균,넥센,C,D,0,0,0,0,0
524,황목치승,LG,C,4,22,52,0,1,0
524,황목치승,LG,C,5,1,1,0,0,0
524,황목치승,LG,C,6,18,65,0,1,0
524,황목치승,LG,C,D,0,0,0,0,0
525,황선도,삼성,C,7,1,2,0,0,0
525,황선도,삼성,C,8,1,6,0,1,0
525,황선도,삼성,C,D,0,0,0,0,0
526,황윤호,NC,C,4,8,19,0,1,0
526,황윤호,NC,C,5,7,11,0,1,0
526,황윤호,NC,C,6,5,10,0,1,0
526,황윤호,NC,C,D,0,0,0,0,0
527,황재규,한화,C,1,2,3.667,0,0,0
527,황재규,한화,C,D,0,0,0,0,0
528,황재균,롯데,B,5,124,1055.667,15,0.96,0
528,황재균,롯데,C,6,2,2.667,0,0,0
528,황재균,롯데,B,D,0,0,0,0,0
529,황진수,롯데,C,4,2,4,0,1,0
529,황진수,롯데,C,5,1,8,0,1,0
529,황진수,롯데,C,6,2,6,0,1,0
529,황진수,롯데,C,D,0,0,0,0,0
530,히메네스,LG,C,4,1,1,0,0,0
530,히메네스,LG,B,5,133,1123.333,17,0.956,0
530,히메네스,LG,C,D,0,0,0,0,0
531,홍성흔,두산,C,D,0,0,0,0,0
532,이우성,두산,C,D,0,0,0,0,0
533,김만수,kt,C,D,0,0,0,0,0
534,이호준,NC,C,D,0,0,0,0,0
